INSERT INTO ACCOUNT (ID, CREATED, LAST_MODIFIED, ACCOUNT_STATUS, IBAN, SALDO) VALUES (1, CURRENT_TIMESTAMP(), CURRENT_TIMESTAMP(), 'ACTIVE', 'NLABNA1234567890', 0);
INSERT INTO ACCOUNT (ID, CREATED, LAST_MODIFIED, ACCOUNT_STATUS, IBAN, SALDO) VALUES (2, CURRENT_TIMESTAMP(), CURRENT_TIMESTAMP(), 'ACTIVE', 'NLABNA0987654321', 0);
INSERT INTO ACCOUNT (ID, CREATED, LAST_MODIFIED, ACCOUNT_STATUS, IBAN, SALDO) VALUES (3, CURRENT_TIMESTAMP(), CURRENT_TIMESTAMP(), 'ACTIVE', 'NLINGB1234567890', 0);
INSERT INTO ACCOUNT (ID, CREATED, LAST_MODIFIED, ACCOUNT_STATUS, IBAN, SALDO) VALUES (4, CURRENT_TIMESTAMP(), CURRENT_TIMESTAMP(), 'ACTIVE', 'NLINGB0987654321', 0);
INSERT INTO ACCOUNT (ID, CREATED, LAST_MODIFIED, ACCOUNT_STATUS, IBAN, SALDO) VALUES (5, CURRENT_TIMESTAMP(), CURRENT_TIMESTAMP(), 'ACTIVE', 'NLSNSB1234567890', 0);
INSERT INTO ACCOUNT (ID, CREATED, LAST_MODIFIED, ACCOUNT_STATUS, IBAN, SALDO) VALUES (6, CURRENT_TIMESTAMP(), CURRENT_TIMESTAMP(), 'ACTIVE', 'NLSNSB0987654321', 0);

INSERT INTO ACCOUNT_HOLDER (ID, CREATED, LAST_MODIFIED, FIRST_NAME, LAST_NAME) VALUES (1, CURRENT_TIMESTAMP(), CURRENT_TIMESTAMP(), 'Redouan', 'Kaasje');
INSERT INTO ACCOUNT_HOLDER (ID, CREATED, LAST_MODIFIED, FIRST_NAME, LAST_NAME) VALUES (2, CURRENT_TIMESTAMP(), CURRENT_TIMESTAMP(), 'Hans', 'Anders');
INSERT INTO ACCOUNT_HOLDER (ID, CREATED, LAST_MODIFIED, FIRST_NAME, LAST_NAME) VALUES (3, CURRENT_TIMESTAMP(), CURRENT_TIMESTAMP(), 'Pim', 'Paas');
INSERT INTO ACCOUNT_HOLDER (ID, CREATED, LAST_MODIFIED, FIRST_NAME, LAST_NAME) VALUES (4, CURRENT_TIMESTAMP(), CURRENT_TIMESTAMP(), 'Albert', 'Heijn');
INSERT INTO ACCOUNT_HOLDER (ID, CREATED, LAST_MODIFIED, FIRST_NAME, LAST_NAME) VALUES (5, CURRENT_TIMESTAMP(), CURRENT_TIMESTAMP(), 'Aldi', 'Lidl');
INSERT INTO ACCOUNT_HOLDER (ID, CREATED, LAST_MODIFIED, FIRST_NAME, LAST_NAME) VALUES (6, CURRENT_TIMESTAMP(), CURRENT_TIMESTAMP(), 'Boeren', 'Baard');
INSERT INTO ACCOUNT_HOLDER (ID, CREATED, LAST_MODIFIED, FIRST_NAME, LAST_NAME) VALUES (7, CURRENT_TIMESTAMP(), CURRENT_TIMESTAMP(), 'Waila', 'Baila');

INSERT INTO ACCOUNT_RULE (ACCOUNT_ID, ACCOUNT_HOLDER_ID) VALUES (1, 1);
INSERT INTO ACCOUNT_RULE (ACCOUNT_ID, ACCOUNT_HOLDER_ID) VALUES (1, 2);
INSERT INTO ACCOUNT_RULE (ACCOUNT_ID, ACCOUNT_HOLDER_ID) VALUES (2, 3);
INSERT INTO ACCOUNT_RULE (ACCOUNT_ID, ACCOUNT_HOLDER_ID) VALUES (3, 4);
INSERT INTO ACCOUNT_RULE (ACCOUNT_ID, ACCOUNT_HOLDER_ID) VALUES (4, 5);
INSERT INTO ACCOUNT_RULE (ACCOUNT_ID, ACCOUNT_HOLDER_ID) VALUES (5, 6);